{
  "0": {
    "parents": [
      1,
      5,
      7,
      9
    ],
    "prob": [
      [
        [
          0,
          0,
          0,
          0
        ],
        0.5303095360525625
      ],
      [
        [
          0,
          0,
          0,
          1
        ],
        0.6858427936183975
      ],
      [
        [
          0,
          0,
          1,
          0
        ],
        0.9198095275939597
      ],
      [
        [
          0,
          0,
          1,
          1
        ],
        0.6079510963850351
      ],
      [
        [
          0,
          1,
          0,
          0
        ],
        0.1630986681745254
      ],
      [
        [
          0,
          1,
          0,
          1
        ],
        0.6475883141961627
      ],
      [
        [
          0,
          1,
          1,
          0
        ],
        0.9796100921515628
      ],
      [
        [
          0,
          1,
          1,
          1
        ],
        0.36632729046825885
      ],
      [
        [
          1,
          0,
          0,
          0
        ],
        0.9313441806992613
      ],
      [
        [
          1,
          0,
          0,
          1
        ],
        0.3744129594862387
      ],
      [
        [
          1,
          0,
          1,
          0
        ],
        0.35958051290104004
      ],
      [
        [
          1,
          0,
          1,
          1
        ],
        0.22066829476429756
      ],
      [
        [
          1,
          1,
          0,
          0
        ],
        0.5869476094134207
      ],
      [
        [
          1,
          1,
          0,
          1
        ],
        0.44169353441213427
      ],
      [
        [
          1,
          1,
          1,
          0
        ],
        0.6997306980985445
      ],
      [
        [
          1,
          1,
          1,
          1
        ],
        0.51758606844457
      ]
    ]
  },
  "1": {
    "parents": [
      2,
      3,
      4,
      8
    ],
    "prob": [
      [
        [
          0,
          0,
          0,
          0
        ],
        0.7489135245401496
      ],
      [
        [
          0,
          0,
          0,
          1
        ],
        0.4799871526479814
      ],
      [
        [
          0,
          0,
          1,
          0
        ],
        0.07701431913625993
      ],
      [
        [
          0,
          0,
          1,
          1
        ],
        0.03643886179351712
      ],
      [
        [
          0,
          1,
          0,
          0
        ],
        0.6498407960912231
      ],
      [
        [
          0,
          1,
          0,
          1
        ],
        0.337097332235069
      ],
      [
        [
          0,
          1,
          1,
          0
        ],
        0.5165658150070885
      ],
      [
        [
          0,
          1,
          1,
          1
        ],
        0.44585756089602263
      ],
      [
        [
          1,
          0,
          0,
          0
        ],
        0.49746367136440267
      ],
      [
        [
          1,
          0,
          0,
          1
        ],
        0.3887347350625245
      ],
      [
        [
          1,
          0,
          1,
          0
        ],
        0.041192852129301426
      ],
      [
        [
          1,
          0,
          1,
          1
        ],
        0.29231965399611
      ],
      [
        [
          1,
          1,
          0,
          0
        ],
        0.2801071599626036
      ],
      [
        [
          1,
          1,
          0,
          1
        ],
        0.33045823886817743
      ],
      [
        [
          1,
          1,
          1,
          0
        ],
        0.16468102645699156
      ],
      [
        [
          1,
          1,
          1,
          1
        ],
        0.6921677432970016
      ]
    ]
  },
  "2": {
    "parents": [
      4,
      7,
      8
    ],
    "prob": [
      [
        [
          0,
          0,
          0
        ],
        0.6968687823752311
      ],
      [
        [
          0,
          0,
          1
        ],
        0.6612741211087593
      ],
      [
        [
          0,
          1,
          0
        ],
        0.6375183739189564
      ],
      [
        [
          0,
          1,
          1
        ],
        0.1686487486096228
      ],
      [
        [
          1,
          0,
          0
        ],
        0.016809900977860216
      ],
      [
        [
          1,
          0,
          1
        ],
        0.9440687964066689
      ],
      [
        [
          1,
          1,
          0
        ],
        0.14155818160464687
      ],
      [
        [
          1,
          1,
          1
        ],
        0.6786357666481679
      ]
    ]
  },
  "3": {
    "parents": [
      6,
      7,
      8,
      9
    ],
    "prob": [
      [
        [
          0,
          0,
          0,
          0
        ],
        0.18624466557042865
      ],
      [
        [
          0,
          0,
          0,
          1
        ],
        0.9521507574019412
      ],
      [
        [
          0,
          0,
          1,
          0
        ],
        0.9045002415650067
      ],
      [
        [
          0,
          0,
          1,
          1
        ],
        0.5229910118072618
      ],
      [
        [
          0,
          1,
          0,
          0
        ],
        0.6221263226839365
      ],
      [
        [
          0,
          1,
          0,
          1
        ],
        0.6590162389681092
      ],
      [
        [
          0,
          1,
          1,
          0
        ],
        0.7385518381748828
      ],
      [
        [
          0,
          1,
          1,
          1
        ],
        0.9434538074333566
      ],
      [
        [
          1,
          0,
          0,
          0
        ],
        0.7198805351522092
      ],
      [
        [
          1,
          0,
          0,
          1
        ],
        0.08994976142126451
      ],
      [
        [
          1,
          0,
          1,
          0
        ],
        0.9880353985162363
      ],
      [
        [
          1,
          0,
          1,
          1
        ],
        0.26744009695636406
      ],
      [
        [
          1,
          1,
          0,
          0
        ],
        0.24665121985216273
      ],
      [
        [
          1,
          1,
          0,
          1
        ],
        0.5399241011643092
      ],
      [
        [
          1,
          1,
          1,
          0
        ],
        0.44629032536511515
      ],
      [
        [
          1,
          1,
          1,
          1
        ],
        0.7493400650706542
      ]
    ]
  },
  "4": {
    "parents": [
      5,
      7,
      8,
      9
    ],