{
  "0": {
    "parents": [
      7
    ],
    "prob": [
      [
        [
          0
        ],
        0.2506235688338751
      ],
      [
        [
          1
        ],
        0.5149657054358712
      ]
    ]
  },
  "1": {
    "parents": [],
    "prob": [
      [
        [],
        0.7350421943539783
      ]
    ]
  },
  "2": {
    "parents": [
      4
    ],
    "prob": [
      [
        [
          0
        ],
        0.6370662995626143
      ],
      [
        [
          1
        ],
        0.09282744293557468
      ]
    ]
  },
  "3": {
    "parents": [
      0,
      6
    ],
    "prob": [
      [
        [
          0,
          0
        ],
        0.20533041273113206
      ],
      [
        [
          0,
          1
        ],
        0.6193649702272119
      ],
      [
        [
          1,
          0
        ],
        0.8588692498340295
      ],
      [
        [
          1,
          1
        ],
        0.2388940733339937
      ]
    ]
  },
  "4": {
    "parents": [
      0,
      9
    ],
    "prob": [
      [
        [
          0,
          0
        ],
        0.8390979996389077
      ],
      [
        [
          0,
          1
        ],
        0.9314490154007051
      ],
      [
        [
          1,
          0
        ],
        0.6551233971044471
      ],
      [
        [
          1,
          1
        ],
        0.9313159392110041
      ]
    ]
  },
  "5": {
    "parents": [
      4
    ],
    "prob": [
      [
        [
          0
        ],
        0.9719068442728991
      ],
      [
        [
          1
        ],
        0.8267521081306713
      ]
    ]
  },
  "6": {
    "parents": [
      1,
      8
    ],
    "prob": [
      [
        [
          0,
          0
        ],
        0.4095280739122911
      ],
      [
        [
          0,
          1
        ],
        0.10172726380440522
      ],
      [
        [
          1,
          0
        ],
        0.9310121215522442
      ],
      [
        [
          1,
          1
        ],
        0.10415913636407091
      ]
    ]
  },
  "7": {
    "parents": [],
    "prob": [
      [
        [],
        0.41995369946382083
      ]
    ]
  },
  "8": {
    "parents": [],
    "prob": [
      [
        [],
        0.8236889431450987
      ]
    ]
  },
  "9": {
    "parents": [],
    "prob": [
      [
        [],
        0.9463537648218581
      ]
    ]
  }
}