{
  "0": {
    "parents": [
      9
    ],
    "prob": [
      [
        [
          0
        ],
        0.7974398093613888
      ],
      [
        [
          1
        ],
        0.12621897221633635
      ]
    ]
  },
  "1": {
    "parents": [
      9
    ],
    "prob": [
      [
        [
          0
        ],
        0.1378517166300148
      ],
      [
        [
          1
        ],
        0.01799136477792098
      ]
    ]
  },
  "2": {
    "parents": [
      19
    ],
    "prob": [
      [
        [
          0
        ],
        0.1960574131954359
      ],
      [
        [
          1
        ],
        0.3031364827515296
      ]
    ]
  },
  "3": {
    "parents": [
      4,
      12
    ],
    "prob": [
      [
        [
          0,
          0
        ],
        0.8232033568324785
      ],
      [
        [
          0,
          1
        ],
        0.10452264873078695
      ],
      [
        [
          1,
          0
        ],
        0.7987949327759638
      ],
      [
        [
          1,
          1
        ],
        0.8191908223478028
      ]
    ]
  },
  "4": {
    "parents": [],
    "prob": [
      [
        [],
        0.4739474602144609
      ]
    ]
  },
  "5": {
    "parents": [
      2,
      16
    ],
    "prob": [
      [
        [
          0,
          0
        ],
        0.47281722740790616
      ],
      [
        [
          0,
          1
        ],
        0.22437172907605302
      ],
      [
        [
          1,
          0
        ],
        0.9455921988465605
      ],
      [
        [
          1,
          1
        ],
        0.05684749089816321
      ]
    ]
  },
  "6": {
    "parents": [],
    "prob": [
      [
        [],
        0.9797965004419328
      ]
    ]
  },
  "7": {
    "parents": [],
    "prob": [
      [
        [],
        0.6895817831801935
      ]
    ]
  },
  "8": {
    "parents": [
      16
    ],
    "prob": [
      [
        [
          0
        ],
        0.3565914447228696
      ],
      [
        [
          1
        ],
        0.7081342970835114
      ]
    ]
  },
  "9": {
    "parents": [],
    "prob": [
      [
        [],
        0.4924369515350551
      ]
    ]
  },
  "10": {
    "parents": [
      20
    ],
    "prob": [
      [
        [
          0
        ],
        0.8338577734724113
      ],
      [
        [
          1
        ],
        0.40619123787306755
      ]
    ]
  },
  "11": {
    "parents": [
      6,
      8
    ],
    "prob": [
      [
        [
          0,
          0
        ],
        0.039977999265701905
      ],
      [
        [
          0,
          1
        ],
        0.10868157072195139
      ],
      [
        [
          1,
          0
        ],
        0.43228510525409203
      ],
      [
        [
          1,
          1
        ],
        0.3489768549358529
      ]
    ]
  },
  "12": {
    "parents": [],
    "prob": [
      [
        [],
        0.9766887081046677
      ]
    ]
  },
  "13": {
    "parents": [],
    "prob": [
      [
        [],
        0.011646636746475297
      ]
    ]
  },
  "14": {
    "parents": [],
    "prob": [
      [
        [],
        0.8976400321334107
      ]
    ]
  },
  "15": {
    "parents": [
      6
    ],
    "prob": [
      [
        [
          0
        ],
        0.3739456267794744
      ],
      [
        [
          1
        ],
        0.45264650244909865
      ]
    ]
  },
  "16": {
    "parents": [
      14
    ],
    "prob": [
      [
        [
          0
        ],
        0.6735728741552688
      ],
      [
        [
          1
        ],
        0.3682464863779915
      ]
    ]
  },
  "17": {
    "parents": [
      9
    ],
    "prob": [
      [
        [
          0
        ],
        0.8913604808684479
      ],
      [
        [
          1
        ],
        0.5645189988792402
      ]
    ]
  },
  "18": {
    "parents": [
      21
    ],
    "prob": [
      [
        [
          0
        ],
        0.9337905264778802
      ],
      [
        [
          1
        ],
        0.04865818907772025
      ]
    ]
  },
  "19": {
    "parents": [
      23
    ],
    "prob": [
      [
        [
          0
        ],
        0.8802739502145681
      ],
      [
        [
          1
        ],
        0.2224364572295296
      ]
    ]
  },
  "20": {
    "parents": [
      7,
      9,
      11
    ],
    "prob": [
      [
        [
          0,
          0,
          0
        ],
        0.90543250821436
      ],
      [
        [
          0,
          0,
          1
        ],
        0.40850363170378257
      ],
      [
        [
          0,
          1,
          0
        ],
        0.05754119850137247
      ],
      [
        [
          0,
          1,
          1
        ],
        0.4260236707251681
      ],
      [
        [
          1,
          0,
          0
        ],
        0.25494823805617917
      ],
      [
        [
          1,
          0,
          1
        ],
        0.7086934907554067
      ],
      [
        [
          1,
          1,
          0
        ],
        0.8759151504998416
      ],
      [
        [
          1,
          1,
          1
        ],
        0.3259327133839877
      ]
    ]
  },
  "21": {
    "parents": [
      15
    ],
    "prob": [
      [
        [
          0
        ],
        0.27376184434490963
      ],
      [
        [
          1
        ],
        0.8789682685756547
      ]
    ]
  },
  "22": {
    "parents": [
      13,
      21
    ],
    "prob": [
      [
        [
          0,
          0
        ],
        0.35564394015273115
      ],
      [
        [
          0,
          1
        ],
        0.05015906837371019
      ],
      [
        [
          1,
          0
        ],
        0.751155658171359
      ],
      [
        [
          1,
          1
        ],
        0.7421210580445899
      ]
    ]
  },
  "23": {
    "parents": [
      12
    ],
    "prob": [
      [
        [
          0
        ],
        0.3498734686567217
      ],
      [
        [
          1
        ],
        0.14965418910083744
      ]
    ]
  },
  "24": {
    "parents": [
      6
    ],
    "prob": [
      [
        [
          0
        ],
        0.6449209703184371
      ],
      [
        [
          1
        ],
        0.44952491411481854
      ]
    ]
  }
}