{
  "0": {
    "parents": [
      30,
      43,
      48
    ],
    "prob": [
      [
        [
          0,
          0,
          0
        ],
        0.1297887366618229
      ],
      [
        [
          0,
          0,
          1
        ],
        0.9166681859214928
      ],
      [
        [
          0,
          1,
          0
        ],
        0.3144844938801354
      ],
      [
        [
          0,
          1,
          1
        ],
        0.11670953388922578
      ],
      [
        [
          1,
          0,
          0
        ],
        0.00285711998498258
      ],
      [
        [
          1,
          0,
          1
        ],
        0.9975566663597347
      ],
      [
        [
          1,
          1,
          0
        ],
        0.28970141098349916
      ],
      [
        [
          1,
          1,
          1
        ],
        0.23597321608203212
      ]
    ]
  },
  "1": {
    "parents": [
      9,
      35
    ],
    "prob": [
      [
        [
          0,
          0
        ],
        0.322629041502202
      ],
      [
        [
          0,
          1
        ],
        0.777449378203415
      ],
      [
        [
          1,
          0
        ],
        0.04577031303782
      ],
      [
        [
          1,
          1
        ],
        0.9820460169901642
      ]
    ]
  },
  "2": {
    "parents": [
      23
    ],
    "prob": [
      [
        [
          0
        ],
        0.6470345082545815
      ],
      [
        [
          1
        ],
        0.48254297327878115
      ]
    ]
  },
  "3": {
    "parents": [],
    "prob": [
      [
        [],
        0.8848002759740708
      ]
    ]
  },
  "4": {
    "parents": [
      17,
      49
    ],
    "prob": [
      [
        [
          0,
          0
        ],
        0.6833769396185461
      ],
      [
        [
          0,
          1
        ],
        0.4065869259267281
      ],
      [
        [
          1,
          0
        ],
        0.9829418455591737
      ],
      [
        [
          1,
          1
        ],
        0.6449725561423382
      ]
    ]
  },
  "5": {
    "parents": [],
    "prob": [
      [
        [],
        0.3706440692542047
      ]
    ]
  },
  "6": {
    "parents": [],
    "prob": [
      [
        [],
        0.4443356336807745
      ]
    ]
  },
  "7": {
    "parents": [],
    "prob": [
      [
        [],
        0.1613650157194651
      ]
    ]
  },
  "8": {
    "parents": [
      6,
      42
    ],
    "prob": [
      [
        [
          0,
          0
        ],
        0.37117190483739676
      ],
      [
        [
          0,
          1
        ],
        0.5716696588932829
      ],
      [
        [
          1,
          0
        ],
        0.7511511668534159
      ],
      [
        [
          1,
          1
        ],
        0.07501502539688958
      ]
    ]
  },
  "9": {
    "parents": [],
    "prob": [
      [
        [],
        0.1905342476442155
      ]
    ]
  },
  "10": {
    "parents": [
      12,
      42
    ],
    "prob": [
      [
        [
          0,
          0
        ],
        0.49765885122405534
      ],
      [
        [
          0,
          1
        ],
        0.9662428065726539
      ],
      [
        [
          1,
          0
        ],
        0.21109366127236834
      ],
      [
        [
          1,
          1
        ],
        0.1927386715764796
      ]
    ]
  },
  "11": {
    "parents": [
      17
    ],
    "prob": [
      [
        [
          0
        ],
        0.6639335982741392
      ],
      [
        [
          1
        ],
        0.5009501411805487
      ]
    ]
  },
  "12": {
    "parents": [],
    "prob": [
      [
        [],
        0.005236615603538235
      ]
    ]
  },
  "13": {
    "parents": [
      21
    ],
    "prob": [
      [
        [
          0
        ],
        0.5552210560464526
      ],
      [
        [
          1
        ],
        0.02908713852295283
      ]
    ]
  },
  "14": {
    "parents": [],
    "prob": [
      [
        [],
        0.26781853695398594
      ]
    ]
  },
  "15": {
    "parents": [],
    "prob": [
      [
        [],
        0.19221583003322054
      ]
    ]
  },
  "16": {
    "parents": [
      7,
      32
    ],
    "prob": [
      [
        [
          0,
          0
        ],
        0.9836245270901692
      ],
      [
        [
          0,
          1
        ],
        0.7899158905393302
      ],
      [
        [
          1,
          0
        ],
        0.7042228580001005
      ],
      [
        [
          1,
          1
        ],
        0.009883943806624525
      ]
    ]
  },
  "17": {
    "parents": [],
    "prob": [
      [
        [],
        0.5829935877967845
      ]
    ]
  },
  "18": {
    "parents": [
      12
    ],
    "prob": [
      [
        [
          0
        ],
        0.7565182134259593
      ],
      [
        [
          1
        ],
        0.8838923932568605
      ]
    ]
  },
  "19": {
    "parents": [
      28,
      30
    ],
    "prob": [
      [
        [
          0,
          0
        ],
        0.9209401127960186
      ],
      [
        [
          0,
          1
        ],
        0.9036833725948271
      ],
      [
        [
          1,
          0
        ],
        0.6057115268686748
      ],
      [
        [
          1,
          1
        ],
        0.07085796218611674
      ]
    ]
  },
  "20": {
    "parents": [
      16,
      34
    ],
    "prob": [
      [
        [
          0,
          0
        ],
        0.7520527996928833
      ],
      [
        [
          0,
          1
        ],
        0.7102223907399848
      ],
      [
        [
          1,
          0
        ],
        0.2606286890902782
      ],
      [
        [
          1,
          1
        ],
        0.83489846455538
      ]
    ]
  },
  "21": {
    "parents": [
      1,
      39
    ],
    "prob": [
      [
        [
          0,
          0
        ],
        0.052689558791923816
      ],
      [
        [
          0,
          1
        ],
        0.6908445010395746
      ],
      [
        [
          1,
          0
        ],
        0.17715299893311817
      ],
      [
        [
          1,
          1
        ],
        0.4848450790708985
      ]
    ]
  },
  "22": {
    "parents": [
      10
    ],
    "prob": [
      [
        [
          0
        ],
        0.37560309878625153
      ],
      [
        [
          1
        ],
        0.04888753955117682
      ]
    ]
  },
  "23": {
    "parents": [],
    "prob": [
      [
        [],
        0.5094347307716386
      ]
    ]
  },
  "24": {
    "parents": [
      2,
      10
    ],
    "prob": [
      [
        [
          0,
          0
        ],
        0.7317751498851603
      ],
      [
        [
          0,
          1
        ],
        0.8989710777025326
      ],
      [
        [
          1,
          0
        ],
        0.9238961997196304
      ],
      [
        [
          1,
          1
        ],
        0.6775220008732619
      ]
    ]
  },
  "25": {
    "parents": [
      3
    ],
    "prob": [
      [
        [
          0
        ],
        0.39643552044495844
      ],
      [
        [
          1
        ],
        0.024067550514330408
      ]
    ]
  },
  "26": {
    "parents": [],
    "prob": [
      [
        [],
        0.27508760792290193
      ]
    ]
  },
  "27": {
    "parents": [
      41
    ],
    "prob": [
      [
        [
          0
        ],
        0.34354951120048355
      ],
      [
        [
          1
        ],
        0.43917461090823945
      ]
    ]
  },
  "28": {
    "parents": [
      15
    ],
    "prob": [
      [
        [
          0
        ],
        0.7874031601208306
      ],
      [
        [
          1
        ],
        0.5191387179000332
      ]
    ]
  },
  "29": {
    "parents": [],
    "prob": [
      [
        [],
        0.011481046203590545
      ]
    ]
  },
  "30": {
    "parents": [
      26
    ],